REGION	POS	REF	ALT	REF_DP	REF_RV	REF_QUAL	ALT_DP	ALT_RV	ALT_QUAL	ALT_FREQ	TOTAL_DP	PVAL	PASS	GFF_FEATURE	REF_CODON	REF_AA	ALT_CODON	ALT_AA
MN908947.3	31	A	G	0	0	0	1	0	37	1	1	1	FALSE	NA	NA	NA	NA	NA
MN908947.3	32	C	A	0	0	0	1	0	37	1	1	1	FALSE	NA	NA	NA	NA	NA
MN908947.3	33	C	G	0	0	0	1	0	37	1	1	1	FALSE	NA	NA	NA	NA	NA
MN908947.3	35	A	T	0	0	0	1	0	37	0.5	2	0.5	FALSE	NA	NA	NA	NA	NA
MN908947.3	35	A	G	0	0	0	1	1	37	0.5	2	0.5	FALSE	NA	NA	NA	NA	NA
MN908947.3	36	C	G	3	2	35	1	1	37	0.166667	6	0.444444	FALSE	NA	NA	NA	NA	NA
MN908947.3	36	C	A	3	2	35	2	2	37	0.333333	6	0.222222	FALSE	NA	NA	NA	NA	NA
MN908947.3	37	C	T	7	7	37	1	1	37	0.111111	9	0.5	FALSE	NA	NA	NA	NA	NA
MN908947.3	37	C	G	7	7	37	1	0	37	0.111111	9	0.5	FALSE	NA	NA	NA	NA	NA
MN908947.3	38	A	G	12	11	38	2	2	37	0.142857	14	0.240741	FALSE	NA	NA	NA	NA	NA
MN908947.3	38	A	+G	12	11	38	1	0	20	0.0666667	15	0.481481	FALSE	NA	NA	NA	NA	NA
MN908947.3	241	C	T	5	2	41	7264	1365	63	0.999312	7269	0	TRUE	NA	NA	NA	NA	NA
MN908947.3	3037	C	T	1	1	37	2977	693	59	0.998993	2980	0	TRUE	NA	NA	NA	NA	NA
MN908947.3	6696	C	+T	5516	1438	56	576	0	20	0.0660096	8726	2.68526e-138	TRUE	NA	NA	NA	NA	NA
MN908947.3	14408	C	T	3	3	37	6067	1043	58	0.999012	6073	0	TRUE	NA	NA	NA	NA	NA
MN908947.3	15965	G	+T	9073	678	61	588	0	20	0.0375	15680	2.06784e-118	TRUE	NA	NA	NA	NA	NA
MN908947.3	20268	A	G	0	0	0	1082	267	60	0.999077	1083	0	TRUE	NA	NA	NA	NA	NA
MN908947.3	21163	A	T	187	42	56	8	6	47	0.0406091	197	0.000430772	TRUE	NA	NA	NA	NA	NA
MN908947.3	21166	A	T	186	40	57	9	5	55	0.0459184	196	0.00015826	TRUE	NA	NA	NA	NA	NA
MN908947.3	21168	G	-A	201	47	57	10	0	20	0.0310559	322	0.00666324	TRUE	NA	NA	NA	NA	NA
MN908947.3	21170	T	C	189	42	58	9	7	48	0.0452261	199	0.000155328	TRUE	NA	NA	NA	NA	NA
MN908947.3	21171	A	C	188	41	59	9	6	52	0.0454545	198	0.000148268	TRUE	NA	NA	NA	NA	NA
MN908947.3	21174	A	G	182	36	59	9	6	52	0.046875	192	0.000153787	TRUE	NA	NA	NA	NA	NA
MN908947.3	21179	A	C	182	37	61	6	4	54	0.0319149	188	0.00262274	TRUE	NA	NA	NA	NA	NA
MN908947.3	21663	G	C	1019	377	58	32	5	51	0.0304472	1051	3.30744e-14	TRUE	NA	NA	NA	NA	NA
MN908947.3	21664	T	A	992	367	57	34	7	46	0.0326609	1041	3.22284e-15	TRUE	NA	NA	NA	NA	NA
MN908947.3	21665	G	C	994	381	57	32	5	53	0.0310378	1031	2.20596e-14	TRUE	NA	NA	NA	NA	NA
MN908947.3	22451	T	A	21	8	50	1	0	74	0.0454545	22	0.415094	FALSE	NA	NA	NA	NA	NA
MN908947.3	22452	C	T	21	7	54	1	1	37	0.0454545	22	0.415094	FALSE	NA	NA	NA	NA	NA
MN908947.3	22470	T	C	21	8	56	1	0	37	0.0454545	22	0.407407	FALSE	NA	NA	NA	NA	NA
MN908947.3	22481	A	C	19	9	52	1	0	32	0.05	20	0.416667	FALSE	NA	NA	NA	NA	NA
MN908947.3	22487	G	-A	23	10	51	1	0	20	0.030303	33	0.428571	FALSE	NA	NA	NA	NA	NA
MN908947.3	22490	A	T	21	9	54	1	0	37	0.0454545	22	0.407407	FALSE	NA	NA	NA	NA	NA
MN908947.3	22491	A	C	22	11	52	1	0	37	0.0434783	23	0.425926	FALSE	NA	NA	NA	NA	NA
MN908947.3	22492	A	T	22	11	51	1	0	37	0.0434783	23	0.425926	FALSE	NA	NA	NA	NA	NA
MN908947.3	22494	G	T	23	13	50	1	0	37	0.0416667	24	0.428571	FALSE	NA	NA	NA	NA	NA
MN908947.3	22495	A	T	23	13	50	1	0	37	0.0416667	24	0.428571	FALSE	NA	NA	NA	NA	NA
MN908947.3	22496	A	C	22	12	50	1	0	37	0.0434783	23	0.418182	FALSE	NA	NA	NA	NA	NA
MN908947.3	22501	T	A	23	13	51	1	0	21	0.0416667	24	0.428571	FALSE	NA	NA	NA	NA	NA
MN908947.3	22501	T	+A	23	13	51	1	0	20	0.030303	33	0.428571	FALSE	NA	NA	NA	NA	NA
MN908947.3	23403	A	G	0	0	0	7734	1841	63	0.999096	7741	0	TRUE	NA	NA	NA	NA	NA
MN908947.3	28242	G	C	6867	651	60	228	1	54	0.0321353	7095	1.14487e-98	TRUE	NA	NA	NA	NA	NA
MN908947.3	28245	T	G	6819	668	60	249	2	57	0.0352192	7070	3.274e-108	TRUE	NA	NA	NA	NA	NA
MN908947.3	28250	T	+CTG	7198	795	59	401	0	20	0.033579	11942	2.23928e-72	TRUE	NA	NA	NA	NA	NA
MN908947.3	28253	C	-A	6741	657	59	404	0	20	0.0360264	11214	1.92731e-76	TRUE	NA	NA	NA	NA	NA
MN908947.3	29051	C	+A	4728	1518	59	266	0	20	0.033894	7848	5.14076e-49	TRUE	NA	NA	NA	NA	NA
